Category,Count,Percentage,Avg_ROT_Score,Avg_Citations,Avg_Publication_Year
Very Low ROT,79,19.75,2.8173730980693006,27.0,2016.2911392405063
Low ROT,81,20.25,4.875131384390644,40.24691358024691,2017.716049382716
Medium ROT,80,20.0,8.382723214285715,51.225,2019.7875
High ROT,80,20.0,26.551041666666663,82.6125,2022.55
Very High ROT,80,20.0,108.51875,150.075,2024.4
